"Study.Identifier","Design","Incentive","Magnitude.of.Time.Delay","Measure","n_Younger","n_Older","age_mean_Younger","age_mean_Older","age_range_Younger","age_range_Older","age_sd_Younger","age_sd_Older","effect_size","std_err","var"
"Sparrow 2018a","extreme group","real","days","parameter",36,36,21,70.11,"18-30","65-85",3.44,4.91,-0.0549105392619434,0.235747644483815,0.0555769518796671
"Roalf 2012","extreme group","real ","days","parameter ",29,25,30.14,71.3,"21–45 ","65–85 ",5.53,4.36,0.28179477483311,0.274298751319105,0.0752398049752203
"Eppinger 2018","extreme group","real","weeks","proportion",25,25,24.8,71.2,"","",2.5,5.6,-0.140255972751068,0.283201422463375,0.0802030456852792
"Bauer 2010","extreme group","hypothetical","years","proportion",291,241,24.02,39.91,"20-29","30-74",NA,NA,0.125568967529813,0.0871817922552759,0.00760066490084208
"Halfmann 2016","extreme group","real","days","parameter",77,36,21,77,"","",NA,NA,-0.220767919028347,0.202443568759004,0.0409833985318814
"Li 2013","extreme group","hypothetical","months ","parameter",173,163,24.76,66.39,"18-29","60-82",2.91,4.93,0.161067970684128,0.109393886436454,0.0119670937142809
"Liu 2016","extreme group","hypothetical","days","parameter",351,192,21.67,68.63,"18-30",">61",2.68,5.46,0.330442854253567,0.0903258842665077,0.00815877229996258
